Participant_ID,Name,Domain,Day,College,State,Age,Experience (Years),Rating (Out of 5),Feedback
1,Participant_1,AI/ML,Day 3,Christ University,Delhi,25,1.5,3.5,Fantastic event!
2,Participant_2,Cybersecurity,Day 1,VIT,Karnataka,23,4.9,2.3,Loved the sessions!
3,Participant_3,IoT,Day 2,CU,Delhi,18,0.0,2.8,Workshops were insightful
4,Participant_4,AI/ML,Day 1,NMIM,Haryana,23,1.5,2.1,Could be better
5,Participant_5,IoT,Day 3,VIT,Maharashtra,24,1.5,3.6,Very well organized!
6,Participant_6,AI/ML,Day 3,NMIM,Karnataka,22,1.4,2.8,Very well organized!
7,Participant_7,Web Development,Day 3,CU,Haryana,23,4.6,4.8,Need more hands-on sessions
8,Participant_8,IoT,Day 2,NMIM,Maharashtra,27,0.9,2.1,Had a great time!
9,Participant_9,Cybersecurity,Day 3,VIT,Karnataka,25,0.2,3.7,Informative and engaging
10,Participant_10,IoT,Day 2,DU,Haryana,29,4.8,1.0,Loved the energy!
11,Participant_11,Blockchain,Day 3,DU,TamilNadu,26,4.2,3.2,Amazing experience!
12,Participant_12,Cybersecurity,Day 3,VIT,Karnataka,24,3.3,3.5,Need more hands-on sessions
13,Participant_13,Blockchain,Day 2,CU,Haryana,21,2.1,2.7,Very well organized!
14,Participant_14,Cybersecurity,Day 1,Christ University,Karnataka,27,4.5,1.7,Very interactive
15,Participant_15,IoT,Day 1,CU,Karnataka,26,3.4,1.4,Well-structured hackathon
16,Participant_16,IoT,Day 1,NMIM,Delhi,26,4.4,3.0,Could be better
17,Participant_17,IoT,Day 2,NMIM,Maharashtra,23,1.9,4.2,Good learning opportunity
18,Participant_18,AI/ML,Day 2,Christ University,Karnataka,30,3.9,1.6,Informative and engaging
19,Participant_19,AI/ML,Day 2,DU,Maharashtra,22,2.4,3.3,Could be better
20,Participant_20,Cybersecurity,Day 1,Christ University,Karnataka,30,1.3,1.2,Need more hands-on sessions
21,Participant_21,IoT,Day 2,DU,TamilNadu,19,4.7,2.3,The pace was too fast
22,Participant_22,Web Development,Day 2,VIT,Karnataka,21,1.9,4.6,Highly recommended!
23,Participant_23,Web Development,Day 1,NMIM,TamilNadu,25,3.1,2.6,Support was excellent
24,Participant_24,AI/ML,Day 3,VIT,Haryana,20,4.7,1.6,Support was excellent
25,Participant_25,AI/ML,Day 1,Christ University,Delhi,25,3.1,3.5,The pace was too fast
26,Participant_26,Blockchain,Day 1,VIT,Karnataka,27,1.1,4.5,Could be better
27,Participant_27,Cybersecurity,Day 2,Christ University,Maharashtra,18,2.9,1.0,The pace was too fast
28,Participant_28,IoT,Day 1,CU,Maharashtra,23,2.1,3.5,Highly recommended!
29,Participant_29,Web Development,Day 1,VIT,Haryana,30,2.2,4.3,Great exposure
30,Participant_30,Web Development,Day 2,NMIM,TamilNadu,19,2.0,4.4,Loved the energy!
31,Participant_31,IoT,Day 1,CU,Karnataka,27,1.3,2.2,Great exposure
32,Participant_32,Cybersecurity,Day 3,NMIM,Maharashtra,20,0.7,4.7,Enjoyed networking!
33,Participant_33,AI/ML,Day 3,VIT,TamilNadu,28,3.3,2.4,Had a great time!
34,Participant_34,Blockchain,Day 2,CU,Maharashtra,29,4.3,4.6,Loved the energy!
35,Participant_35,IoT,Day 1,CU,Karnataka,25,3.1,2.1,Enjoyed networking!
36,Participant_36,Blockchain,Day 3,VIT,Delhi,23,3.7,1.5,Loved the energy!
37,Participant_37,Web Development,Day 2,DU,Maharashtra,21,3.6,1.4,Very interactive
38,Participant_38,IoT,Day 1,DU,Delhi,22,1.1,2.5,Had a great time!
39,Participant_39,Blockchain,Day 1,Christ University,Maharashtra,25,2.8,3.5,Good learning opportunity
40,Participant_40,Cybersecurity,Day 2,Christ University,Karnataka,28,4.9,2.5,Could be better
41,Participant_41,Web Development,Day 1,VIT,Haryana,23,1.8,3.0,Need more hands-on sessions
42,Participant_42,Cybersecurity,Day 1,VIT,Haryana,29,4.0,4.3,Need more hands-on sessions
43,Participant_43,Blockchain,Day 2,NMIM,TamilNadu,21,2.8,1.8,Loved the sessions!
44,Participant_44,Web Development,Day 1,Christ University,Maharashtra,24,1.2,1.5,Very well organized!
45,Participant_45,Web Development,Day 3,Christ University,Haryana,30,3.1,4.1,Well-structured hackathon
46,Participant_46,IoT,Day 3,CU,Maharashtra,25,2.2,1.2,Informative and engaging
47,Participant_47,Cybersecurity,Day 1,CU,Maharashtra,24,3.1,1.6,Had a great time!
48,Participant_48,IoT,Day 2,DU,Maharashtra,19,0.5,2.1,Well-structured hackathon
49,Participant_49,Web Development,Day 1,NMIM,Karnataka,28,1.2,2.1,Need more hands-on sessions
50,Participant_50,AI/ML,Day 2,DU,Maharashtra,28,2.0,4.9,Good learning opportunity
51,Participant_51,Blockchain,Day 2,Christ University,Karnataka,25,0.5,1.8,Great exposure
52,Participant_52,IoT,Day 1,NMIM,Karnataka,22,0.6,1.9,Loved the energy!
53,Participant_53,IoT,Day 3,NMIM,Karnataka,28,2.4,2.4,Amazing experience!
54,Participant_54,IoT,Day 2,Christ University,Maharashtra,18,1.5,3.3,Informative and engaging
55,Participant_55,AI/ML,Day 3,VIT,Delhi,26,0.3,1.4,Informative and engaging
56,Participant_56,Cybersecurity,Day 3,VIT,Maharashtra,26,1.1,4.8,Fantastic event!
57,Participant_57,IoT,Day 2,Christ University,Maharashtra,22,0.3,4.8,Awesome mentors!
58,Participant_58,Cybersecurity,Day 3,Christ University,Maharashtra,26,1.7,3.5,Great exposure
59,Participant_59,Cybersecurity,Day 2,DU,TamilNadu,22,1.7,2.2,Enjoyed networking!
60,Participant_60,AI/ML,Day 1,VIT,TamilNadu,20,4.1,4.8,Support was excellent
61,Participant_61,IoT,Day 3,NMIM,Delhi,24,4.4,4.8,The pace was too fast
62,Participant_62,IoT,Day 3,CU,Karnataka,29,2.7,2.9,The pace was too fast
63,Participant_63,Web Development,Day 2,Christ University,TamilNadu,20,2.5,2.3,Enjoyed networking!
64,Participant_64,IoT,Day 1,CU,TamilNadu,27,4.0,1.5,Need more hands-on sessions
65,Participant_65,IoT,Day 3,VIT,Karnataka,29,4.6,3.4,Enjoyed networking!
66,Participant_66,Web Development,Day 2,DU,Karnataka,22,4.0,1.9,Fantastic event!
67,Participant_67,IoT,Day 3,CU,Maharashtra,25,3.5,1.7,Fantastic event!
68,Participant_68,Blockchain,Day 2,CU,Maharashtra,18,3.9,3.2,Good learning opportunity
69,Participant_69,Blockchain,Day 1,NMIM,Maharashtra,30,4.4,3.5,Could be better
70,Participant_70,IoT,Day 3,Christ University,Haryana,22,1.9,4.4,Support was excellent
71,Participant_71,AI/ML,Day 2,CU,Karnataka,19,0.6,3.7,Great exposure
72,Participant_72,Web Development,Day 2,VIT,Haryana,30,2.2,4.4,Support was excellent
73,Participant_73,AI/ML,Day 3,VIT,TamilNadu,23,2.4,1.8,Informative and engaging
74,Participant_74,Cybersecurity,Day 3,CU,TamilNadu,23,2.3,3.9,Informative and engaging
75,Participant_75,Web Development,Day 2,CU,Karnataka,21,1.6,2.8,Great exposure
76,Participant_76,AI/ML,Day 2,CU,Delhi,29,3.1,2.4,A bit chaotic
77,Participant_77,IoT,Day 1,DU,Maharashtra,20,5.0,2.1,Loved the energy!
78,Participant_78,Blockchain,Day 2,Christ University,Haryana,26,4.5,1.2,Great exposure
79,Participant_79,Cybersecurity,Day 2,NMIM,Delhi,29,3.5,4.9,Well-structured hackathon
80,Participant_80,Cybersecurity,Day 2,VIT,TamilNadu,25,1.7,2.9,Could be better
81,Participant_81,AI/ML,Day 3,CU,TamilNadu,29,4.5,4.0,Highly recommended!
82,Participant_82,Cybersecurity,Day 1,DU,Maharashtra,20,1.6,1.1,The pace was too fast
83,Participant_83,AI/ML,Day 3,VIT,Haryana,19,0.3,3.3,Could be better
84,Participant_84,Cybersecurity,Day 2,DU,Karnataka,26,4.3,2.4,Enjoyed networking!
85,Participant_85,Web Development,Day 1,VIT,Delhi,28,3.2,1.0,Great exposure
86,Participant_86,Web Development,Day 2,VIT,Haryana,28,0.4,2.6,Need more hands-on sessions
87,Participant_87,IoT,Day 2,DU,Delhi,24,4.4,3.7,A bit chaotic
88,Participant_88,AI/ML,Day 1,NMIM,Karnataka,19,0.4,4.2,Had a great time!
89,Participant_89,Blockchain,Day 3,DU,Haryana,24,0.8,4.7,Fantastic event!
90,Participant_90,Blockchain,Day 2,CU,TamilNadu,26,3.3,1.1,Could be better
91,Participant_91,Web Development,Day 1,DU,Karnataka,26,4.9,3.2,Amazing experience!
92,Participant_92,Cybersecurity,Day 3,VIT,Karnataka,30,3.3,3.0,A bit chaotic
93,Participant_93,AI/ML,Day 3,Christ University,TamilNadu,28,3.9,1.5,Very interactive
94,Participant_94,IoT,Day 1,VIT,Delhi,22,4.8,1.2,Enjoyed networking!
95,Participant_95,Cybersecurity,Day 1,NMIM,TamilNadu,22,1.6,1.2,Enjoyed networking!
96,Participant_96,AI/ML,Day 3,Christ University,Maharashtra,22,4.8,3.0,Very well organized!
97,Participant_97,IoT,Day 3,VIT,TamilNadu,24,1.0,3.6,A bit chaotic
98,Participant_98,Cybersecurity,Day 1,CU,TamilNadu,28,4.7,4.5,Support was excellent
99,Participant_99,Blockchain,Day 3,NMIM,Delhi,30,4.2,3.3,Could be better
100,Participant_100,Blockchain,Day 2,VIT,Delhi,26,3.9,4.0,Good learning opportunity
101,Participant_101,IoT,Day 1,CU,TamilNadu,18,2.6,1.7,Workshops were insightful
102,Participant_102,Web Development,Day 3,DU,Haryana,28,5.0,3.3,Fantastic event!
103,Participant_103,IoT,Day 1,DU,Maharashtra,21,0.1,2.0,Very interactive
104,Participant_104,Cybersecurity,Day 1,VIT,Karnataka,19,4.0,1.3,Highly recommended!
105,Participant_105,IoT,Day 1,VIT,TamilNadu,24,0.9,2.9,Very well organized!
106,Participant_106,IoT,Day 3,Christ University,Delhi,26,3.5,3.0,Informative and engaging
107,Participant_107,IoT,Day 3,DU,Haryana,24,4.4,4.6,Had a great time!
108,Participant_108,Cybersecurity,Day 3,CU,Karnataka,20,1.6,3.2,Very interactive
109,Participant_109,Cybersecurity,Day 1,Christ University,Delhi,29,3.9,2.4,Could be better
110,Participant_110,Blockchain,Day 3,NMIM,Maharashtra,18,0.2,2.4,Enjoyed networking!
111,Participant_111,IoT,Day 1,VIT,Karnataka,30,3.5,3.6,Highly recommended!
112,Participant_112,IoT,Day 1,VIT,Karnataka,22,4.8,2.6,Enjoyed networking!
113,Participant_113,AI/ML,Day 3,Christ University,TamilNadu,25,3.6,1.5,The pace was too fast
114,Participant_114,Cybersecurity,Day 2,CU,Delhi,19,3.5,1.5,Very interactive
115,Participant_115,Web Development,Day 2,VIT,Haryana,29,2.9,1.5,Well-structured hackathon
116,Participant_116,AI/ML,Day 1,VIT,Delhi,30,1.0,3.5,Need more hands-on sessions
117,Participant_117,IoT,Day 1,Christ University,Karnataka,22,0.8,2.0,Well-structured hackathon
118,Participant_118,AI/ML,Day 2,VIT,TamilNadu,23,4.0,2.4,Need more hands-on sessions
119,Participant_119,Cybersecurity,Day 3,CU,Karnataka,25,3.9,1.9,A bit chaotic
120,Participant_120,Blockchain,Day 2,DU,Haryana,23,3.0,4.3,Loved the sessions!
121,Participant_121,AI/ML,Day 1,DU,Karnataka,18,3.6,3.5,The pace was too fast
122,Participant_122,IoT,Day 1,CU,Maharashtra,20,2.3,1.6,Amazing experience!
123,Participant_123,Blockchain,Day 3,DU,Karnataka,21,0.3,4.4,A bit chaotic
124,Participant_124,Cybersecurity,Day 2,CU,Haryana,25,2.1,4.4,Loved the energy!
125,Participant_125,IoT,Day 2,VIT,Haryana,25,3.9,3.4,Very well organized!
126,Participant_126,Blockchain,Day 3,VIT,Haryana,21,0.4,2.2,Support was excellent
127,Participant_127,Blockchain,Day 3,VIT,Karnataka,23,1.6,2.8,Fantastic event!
128,Participant_128,AI/ML,Day 2,NMIM,Haryana,21,0.9,4.7,Need more hands-on sessions
129,Participant_129,Blockchain,Day 2,CU,Maharashtra,28,1.9,3.6,Need more hands-on sessions
130,Participant_130,Web Development,Day 3,Christ University,Maharashtra,26,0.3,4.4,Fantastic event!
131,Participant_131,AI/ML,Day 1,NMIM,Haryana,20,1.0,4.4,The pace was too fast
132,Participant_132,IoT,Day 1,VIT,TamilNadu,25,1.3,1.5,Could be better
133,Participant_133,Web Development,Day 2,CU,Haryana,26,4.3,3.5,Highly recommended!
134,Participant_134,Web Development,Day 1,CU,Maharashtra,29,4.3,1.5,Amazing experience!
135,Participant_135,Cybersecurity,Day 1,CU,Karnataka,27,2.1,3.2,Informative and engaging
136,Participant_136,Blockchain,Day 3,CU,Delhi,24,3.3,3.2,The pace was too fast
137,Participant_137,Blockchain,Day 1,DU,Delhi,30,1.5,1.6,Loved the energy!
138,Participant_138,Cybersecurity,Day 1,CU,Maharashtra,24,3.7,4.9,Loved the energy!
139,Participant_139,AI/ML,Day 1,VIT,Delhi,26,3.9,2.5,Good learning opportunity
140,Participant_140,Web Development,Day 1,DU,Haryana,29,4.1,1.3,Loved the sessions!
141,Participant_141,IoT,Day 2,NMIM,TamilNadu,20,3.1,1.9,Awesome mentors!
142,Participant_142,IoT,Day 3,VIT,TamilNadu,24,2.0,4.3,Very interactive
143,Participant_143,AI/ML,Day 3,CU,Maharashtra,28,0.9,1.7,Highly recommended!
144,Participant_144,IoT,Day 3,CU,Haryana,30,0.1,3.4,Very interactive
145,Participant_145,AI/ML,Day 1,DU,Delhi,18,2.1,3.0,Could be better
146,Participant_146,Cybersecurity,Day 1,VIT,Karnataka,23,4.1,1.3,A bit chaotic
147,Participant_147,AI/ML,Day 3,CU,TamilNadu,22,0.6,2.2,Fantastic event!
148,Participant_148,Blockchain,Day 1,DU,Delhi,30,0.7,1.9,Enjoyed networking!
149,Participant_149,AI/ML,Day 3,NMIM,Delhi,23,2.3,2.4,Loved the sessions!
150,Participant_150,Cybersecurity,Day 1,VIT,Delhi,28,2.0,3.0,Very well organized!
151,Participant_151,Cybersecurity,Day 3,DU,Delhi,23,0.7,1.1,Support was excellent
152,Participant_152,Web Development,Day 1,CU,Haryana,18,2.9,2.3,Workshops were insightful
153,Participant_153,Cybersecurity,Day 2,VIT,Maharashtra,29,2.1,1.5,Workshops were insightful
154,Participant_154,AI/ML,Day 3,DU,Delhi,27,3.4,3.0,Informative and engaging
155,Participant_155,IoT,Day 2,CU,Karnataka,19,4.8,3.9,Awesome mentors!
156,Participant_156,AI/ML,Day 1,CU,Karnataka,22,1.7,4.8,Good learning opportunity
157,Participant_157,AI/ML,Day 3,VIT,Maharashtra,24,2.2,2.1,Amazing experience!
158,Participant_158,IoT,Day 3,CU,Karnataka,21,2.4,3.3,Workshops were insightful
159,Participant_159,IoT,Day 1,Christ University,TamilNadu,25,0.1,3.4,Enjoyed networking!
160,Participant_160,Blockchain,Day 2,VIT,Maharashtra,18,4.5,1.0,Support was excellent
161,Participant_161,Web Development,Day 2,Christ University,TamilNadu,22,1.9,3.5,Well-structured hackathon
162,Participant_162,Web Development,Day 3,Christ University,Maharashtra,21,2.6,4.0,Could be better
163,Participant_163,IoT,Day 2,VIT,Delhi,22,1.5,1.2,Fantastic event!
164,Participant_164,AI/ML,Day 3,DU,Haryana,26,0.4,4.0,Awesome mentors!
165,Participant_165,Cybersecurity,Day 1,CU,Delhi,21,3.2,3.2,Awesome mentors!
166,Participant_166,Cybersecurity,Day 2,NMIM,Delhi,26,3.3,3.1,Great exposure
167,Participant_167,Web Development,Day 3,DU,Haryana,19,3.8,2.7,Had a great time!
168,Participant_168,Cybersecurity,Day 2,Christ University,Maharashtra,30,3.3,4.5,Workshops were insightful
169,Participant_169,Blockchain,Day 2,CU,Karnataka,28,2.6,2.2,Good learning opportunity
170,Participant_170,Blockchain,Day 3,CU,Maharashtra,21,4.5,1.1,Enjoyed networking!
171,Participant_171,Web Development,Day 1,Christ University,Maharashtra,25,3.8,3.9,Very interactive
172,Participant_172,Cybersecurity,Day 2,VIT,TamilNadu,23,3.8,2.7,Loved the energy!
173,Participant_173,Cybersecurity,Day 3,DU,TamilNadu,27,4.0,3.6,A bit chaotic
174,Participant_174,IoT,Day 2,NMIM,Haryana,25,3.5,1.4,Great exposure
175,Participant_175,Blockchain,Day 3,VIT,Maharashtra,26,1.7,1.1,Support was excellent
176,Participant_176,Web Development,Day 1,CU,Haryana,25,0.3,2.5,The pace was too fast
177,Participant_177,AI/ML,Day 2,DU,Delhi,29,4.6,3.7,Had a great time!
178,Participant_178,AI/ML,Day 1,DU,Haryana,25,1.2,4.0,Enjoyed networking!
179,Participant_179,Cybersecurity,Day 3,VIT,Delhi,19,3.0,2.1,Good learning opportunity
180,Participant_180,Blockchain,Day 1,Christ University,TamilNadu,28,1.6,1.6,A bit chaotic
181,Participant_181,Blockchain,Day 3,CU,TamilNadu,20,3.0,2.7,Workshops were insightful
182,Participant_182,Cybersecurity,Day 2,VIT,Karnataka,23,0.7,2.4,Informative and engaging
183,Participant_183,IoT,Day 1,Christ University,Karnataka,18,3.8,1.8,Very well organized!
184,Participant_184,Web Development,Day 2,VIT,Karnataka,26,4.5,2.8,Informative and engaging
185,Participant_185,Cybersecurity,Day 3,Christ University,Karnataka,22,4.4,2.3,A bit chaotic
186,Participant_186,AI/ML,Day 3,NMIM,Haryana,29,2.9,4.9,Fantastic event!
187,Participant_187,AI/ML,Day 2,Christ University,Karnataka,21,4.8,1.8,Loved the sessions!
188,Participant_188,Blockchain,Day 2,Christ University,Karnataka,24,1.6,3.0,A bit chaotic
189,Participant_189,Blockchain,Day 2,DU,TamilNadu,19,1.8,1.6,The pace was too fast
190,Participant_190,Blockchain,Day 2,Christ University,Maharashtra,23,0.4,1.2,Need more hands-on sessions
191,Participant_191,Blockchain,Day 1,Christ University,Maharashtra,21,3.7,3.3,Great exposure
192,Participant_192,Web Development,Day 1,CU,Maharashtra,22,1.2,4.0,Awesome mentors!
193,Participant_193,AI/ML,Day 3,VIT,Delhi,21,1.8,2.1,The pace was too fast
194,Participant_194,Blockchain,Day 1,CU,Karnataka,25,2.4,1.5,Loved the energy!
195,Participant_195,Blockchain,Day 1,DU,Haryana,18,2.1,3.1,Highly recommended!
196,Participant_196,Web Development,Day 3,CU,Haryana,24,3.7,2.5,Support was excellent
197,Participant_197,Cybersecurity,Day 3,VIT,Karnataka,30,2.4,2.7,Had a great time!
198,Participant_198,IoT,Day 3,VIT,Haryana,19,1.0,4.8,Loved the sessions!
199,Participant_199,AI/ML,Day 3,NMIM,Maharashtra,19,4.6,3.7,Had a great time!
200,Participant_200,AI/ML,Day 1,NMIM,Haryana,29,1.5,2.0,A bit chaotic
201,Participant_201,Web Development,Day 2,VIT,Haryana,18,3.4,2.7,Workshops were insightful
202,Participant_202,AI/ML,Day 2,CU,Delhi,29,0.0,3.3,Good learning opportunity
203,Participant_203,Cybersecurity,Day 2,NMIM,Delhi,24,4.9,2.7,Great exposure
204,Participant_204,Blockchain,Day 1,NMIM,Delhi,24,4.8,1.0,Highly recommended!
205,Participant_205,Cybersecurity,Day 3,Christ University,Karnataka,19,3.4,1.1,Support was excellent
206,Participant_206,Web Development,Day 2,NMIM,Delhi,24,3.6,1.0,Had a great time!
207,Participant_207,AI/ML,Day 1,VIT,Maharashtra,18,1.3,2.9,Well-structured hackathon
208,Participant_208,Cybersecurity,Day 2,VIT,Karnataka,19,2.8,4.8,Fantastic event!
209,Participant_209,Blockchain,Day 2,DU,TamilNadu,20,4.0,4.9,Very interactive
210,Participant_210,IoT,Day 3,DU,Haryana,30,1.0,1.2,Loved the sessions!
211,Participant_211,Blockchain,Day 3,VIT,Maharashtra,30,3.1,3.8,Very interactive
212,Participant_212,IoT,Day 1,NMIM,Maharashtra,28,0.7,3.6,Loved the energy!
213,Participant_213,AI/ML,Day 2,VIT,Karnataka,22,1.3,4.0,Informative and engaging
214,Participant_214,AI/ML,Day 2,DU,Maharashtra,24,3.6,1.2,Good learning opportunity
215,Participant_215,Cybersecurity,Day 2,DU,Haryana,30,2.0,2.2,Enjoyed networking!
216,Participant_216,Cybersecurity,Day 1,VIT,Karnataka,28,1.2,1.2,Fantastic event!
217,Participant_217,AI/ML,Day 1,Christ University,Haryana,18,0.0,2.6,Workshops were insightful
218,Participant_218,Web Development,Day 1,CU,Karnataka,20,3.9,2.8,Awesome mentors!
219,Participant_219,Web Development,Day 2,VIT,Maharashtra,27,3.9,2.7,Highly recommended!
220,Participant_220,Cybersecurity,Day 2,NMIM,Maharashtra,19,3.6,3.8,Good learning opportunity
221,Participant_221,AI/ML,Day 2,VIT,Karnataka,30,4.7,1.6,Great exposure
222,Participant_222,IoT,Day 1,Christ University,Karnataka,27,2.7,3.4,Good learning opportunity
223,Participant_223,IoT,Day 3,Christ University,TamilNadu,29,3.6,3.1,Loved the sessions!
224,Participant_224,IoT,Day 1,NMIM,TamilNadu,28,4.5,3.6,Good learning opportunity
225,Participant_225,AI/ML,Day 2,DU,Delhi,30,0.8,4.2,Amazing experience!
226,Participant_226,Blockchain,Day 2,VIT,TamilNadu,21,1.6,3.1,Highly recommended!
227,Participant_227,Blockchain,Day 3,NMIM,Karnataka,27,2.7,2.6,Good learning opportunity
228,Participant_228,AI/ML,Day 1,NMIM,Delhi,29,0.1,1.8,Support was excellent
229,Participant_229,Web Development,Day 2,NMIM,TamilNadu,23,3.6,2.4,Good learning opportunity
230,Participant_230,Web Development,Day 3,Christ University,Maharashtra,30,3.4,3.3,Well-structured hackathon
231,Participant_231,Web Development,Day 1,CU,Delhi,19,1.9,4.0,Great exposure
232,Participant_232,AI/ML,Day 1,CU,TamilNadu,27,2.1,2.5,Great exposure
233,Participant_233,IoT,Day 2,CU,Delhi,26,3.8,1.7,Good learning opportunity
234,Participant_234,Web Development,Day 3,NMIM,Haryana,30,3.7,3.2,Loved the energy!
235,Participant_235,Web Development,Day 2,Christ University,TamilNadu,26,1.5,1.4,Highly recommended!
236,Participant_236,Cybersecurity,Day 2,NMIM,Karnataka,22,0.9,4.1,Need more hands-on sessions
237,Participant_237,Cybersecurity,Day 1,NMIM,Haryana,22,1.0,4.6,Enjoyed networking!
238,Participant_238,Blockchain,Day 1,CU,Delhi,24,0.0,4.8,Could be better
239,Participant_239,Cybersecurity,Day 2,Christ University,Maharashtra,29,1.3,3.4,Very interactive
240,Participant_240,Blockchain,Day 3,CU,Delhi,28,3.2,4.7,Had a great time!
241,Participant_241,Blockchain,Day 2,DU,TamilNadu,18,1.0,1.8,Support was excellent
242,Participant_242,IoT,Day 3,Christ University,Maharashtra,21,1.0,3.3,Amazing experience!
243,Participant_243,IoT,Day 2,CU,Maharashtra,19,4.1,1.6,Informative and engaging
244,Participant_244,Web Development,Day 1,Christ University,Delhi,29,3.5,1.6,Had a great time!
245,Participant_245,IoT,Day 2,Christ University,Haryana,26,1.6,4.1,Enjoyed networking!
246,Participant_246,AI/ML,Day 1,DU,Maharashtra,28,3.6,3.8,Amazing experience!
247,Participant_247,Blockchain,Day 1,CU,Karnataka,30,3.5,3.5,Great exposure
248,Participant_248,IoT,Day 1,DU,Karnataka,19,0.4,1.7,Very interactive
249,Participant_249,IoT,Day 3,CU,Maharashtra,29,2.4,2.9,Great exposure
250,Participant_250,Blockchain,Day 3,CU,Karnataka,23,0.9,3.7,Very well organized!
251,Participant_251,Cybersecurity,Day 1,DU,Maharashtra,26,3.3,4.9,Loved the sessions!
252,Participant_252,IoT,Day 3,VIT,Karnataka,27,0.1,1.4,Good learning opportunity
253,Participant_253,Web Development,Day 2,DU,Maharashtra,20,1.2,2.5,Loved the energy!
254,Participant_254,AI/ML,Day 2,CU,Delhi,27,3.2,3.0,Workshops were insightful
255,Participant_255,Web Development,Day 2,Christ University,Maharashtra,18,1.5,1.2,A bit chaotic
256,Participant_256,IoT,Day 3,CU,Maharashtra,23,1.1,4.2,Could be better
257,Participant_257,Blockchain,Day 3,NMIM,TamilNadu,20,4.5,1.4,Support was excellent
258,Participant_258,Cybersecurity,Day 2,DU,Karnataka,25,0.9,2.3,Very well organized!
259,Participant_259,AI/ML,Day 1,CU,TamilNadu,29,3.6,3.3,Could be better
260,Participant_260,IoT,Day 1,VIT,Delhi,20,4.7,2.4,Very well organized!
261,Participant_261,AI/ML,Day 2,CU,Maharashtra,20,0.3,4.6,Enjoyed networking!
262,Participant_262,Cybersecurity,Day 3,CU,Karnataka,23,1.5,1.5,Could be better
263,Participant_263,IoT,Day 3,NMIM,Delhi,27,1.8,4.1,Workshops were insightful
264,Participant_264,Web Development,Day 1,Christ University,Karnataka,19,3.0,3.2,Great exposure
265,Participant_265,Blockchain,Day 1,CU,Delhi,27,1.6,1.1,Amazing experience!
266,Participant_266,IoT,Day 2,Christ University,Maharashtra,29,0.6,2.7,Loved the sessions!
267,Participant_267,AI/ML,Day 1,DU,Karnataka,21,3.0,2.2,Had a great time!
268,Participant_268,IoT,Day 3,Christ University,Haryana,18,1.1,4.6,Well-structured hackathon
269,Participant_269,Cybersecurity,Day 1,NMIM,TamilNadu,18,0.7,1.0,Could be better
270,Participant_270,Cybersecurity,Day 2,NMIM,Haryana,23,0.7,1.2,Good learning opportunity
271,Participant_271,Blockchain,Day 2,Christ University,Karnataka,23,4.2,1.6,Good learning opportunity
272,Participant_272,IoT,Day 2,CU,Delhi,24,3.3,2.1,Had a great time!
273,Participant_273,Web Development,Day 1,VIT,TamilNadu,30,0.4,2.8,Highly recommended!
274,Participant_274,Blockchain,Day 1,CU,Haryana,25,3.6,3.5,Highly recommended!
275,Participant_275,Web Development,Day 3,NMIM,Maharashtra,23,4.6,4.9,Fantastic event!
276,Participant_276,AI/ML,Day 3,CU,Maharashtra,28,0.9,3.8,Need more hands-on sessions
277,Participant_277,IoT,Day 2,CU,TamilNadu,21,2.6,3.4,Amazing experience!
278,Participant_278,IoT,Day 3,Christ University,Karnataka,19,1.4,3.7,Could be better
279,Participant_279,Blockchain,Day 1,Christ University,Haryana,30,3.4,1.3,Very interactive
280,Participant_280,AI/ML,Day 3,NMIM,Haryana,27,4.2,4.6,Need more hands-on sessions
281,Participant_281,Web Development,Day 1,DU,Karnataka,29,3.4,2.1,Could be better
282,Participant_282,AI/ML,Day 2,NMIM,TamilNadu,21,3.4,4.9,A bit chaotic
283,Participant_283,IoT,Day 1,NMIM,Maharashtra,22,3.2,2.2,Very well organized!
284,Participant_284,IoT,Day 1,VIT,Karnataka,26,4.3,4.9,Informative and engaging
285,Participant_285,IoT,Day 2,NMIM,Delhi,24,3.5,3.1,Loved the sessions!
286,Participant_286,Web Development,Day 2,NMIM,Delhi,24,1.7,1.9,Workshops were insightful
287,Participant_287,Blockchain,Day 2,NMIM,Haryana,22,4.4,1.4,Very interactive
288,Participant_288,Cybersecurity,Day 1,Christ University,TamilNadu,22,1.6,4.0,Highly recommended!
289,Participant_289,Web Development,Day 1,Christ University,Maharashtra,22,2.4,2.2,Had a great time!
290,Participant_290,Cybersecurity,Day 2,NMIM,Maharashtra,26,3.5,3.0,Had a great time!
291,Participant_291,Blockchain,Day 2,Christ University,Maharashtra,29,1.7,3.1,Loved the sessions!
292,Participant_292,Cybersecurity,Day 1,Christ University,Karnataka,28,4.6,1.7,Workshops were insightful
293,Participant_293,IoT,Day 3,NMIM,Delhi,27,5.0,3.7,Well-structured hackathon
294,Participant_294,IoT,Day 1,VIT,Delhi,18,4.1,4.0,Need more hands-on sessions
295,Participant_295,Web Development,Day 1,Christ University,TamilNadu,22,1.0,3.6,Well-structured hackathon
296,Participant_296,Cybersecurity,Day 1,NMIM,TamilNadu,20,0.3,1.6,Awesome mentors!
297,Participant_297,Blockchain,Day 3,DU,Maharashtra,23,1.1,4.6,Support was excellent
298,Participant_298,AI/ML,Day 1,VIT,Karnataka,21,1.1,3.0,Had a great time!
299,Participant_299,IoT,Day 3,VIT,Delhi,24,2.5,3.4,Support was excellent
300,Participant_300,Cybersecurity,Day 1,CU,Delhi,18,4.3,4.9,Very interactive
301,Participant_301,IoT,Day 1,VIT,Karnataka,22,2.1,2.1,Amazing experience!
302,Participant_302,AI/ML,Day 1,CU,Karnataka,30,1.1,3.1,The pace was too fast
303,Participant_303,IoT,Day 3,Christ University,Maharashtra,26,1.8,2.8,Need more hands-on sessions
304,Participant_304,IoT,Day 3,VIT,Delhi,23,0.7,1.7,Loved the sessions!
305,Participant_305,Web Development,Day 1,DU,TamilNadu,18,1.3,3.1,Good learning opportunity
306,Participant_306,Cybersecurity,Day 3,VIT,Maharashtra,29,4.2,4.6,Loved the energy!
307,Participant_307,Web Development,Day 1,VIT,Maharashtra,30,4.7,2.0,Workshops were insightful
308,Participant_308,AI/ML,Day 1,NMIM,Delhi,30,4.5,4.1,Highly recommended!
309,Participant_309,Blockchain,Day 3,VIT,TamilNadu,26,2.8,3.6,Fantastic event!
310,Participant_310,IoT,Day 3,VIT,Delhi,22,1.5,2.2,Loved the sessions!
311,Participant_311,IoT,Day 3,NMIM,Karnataka,23,0.4,1.8,Well-structured hackathon
312,Participant_312,AI/ML,Day 1,NMIM,Haryana,30,1.9,2.5,Highly recommended!
313,Participant_313,IoT,Day 2,DU,Maharashtra,20,1.8,4.4,Had a great time!
314,Participant_314,Blockchain,Day 2,CU,Haryana,20,4.5,4.9,Need more hands-on sessions
315,Participant_315,Cybersecurity,Day 2,CU,Haryana,23,2.1,3.1,Support was excellent
316,Participant_316,AI/ML,Day 3,NMIM,Delhi,22,1.9,3.9,Support was excellent
317,Participant_317,Cybersecurity,Day 3,Christ University,Haryana,27,1.0,3.0,Well-structured hackathon
318,Participant_318,Web Development,Day 1,Christ University,Haryana,20,2.9,2.7,Awesome mentors!
319,Participant_319,IoT,Day 3,DU,TamilNadu,30,2.9,1.5,Support was excellent
320,Participant_320,Cybersecurity,Day 3,DU,Haryana,24,3.9,3.0,Amazing experience!
321,Participant_321,AI/ML,Day 3,CU,Haryana,21,0.2,3.0,Had a great time!
322,Participant_322,Blockchain,Day 2,NMIM,TamilNadu,24,1.9,4.7,Very well organized!
323,Participant_323,AI/ML,Day 3,NMIM,TamilNadu,19,4.4,1.6,Need more hands-on sessions
324,Participant_324,Web Development,Day 2,VIT,Haryana,30,2.4,3.8,Very interactive
325,Participant_325,Blockchain,Day 1,DU,Karnataka,28,1.0,3.8,Informative and engaging
326,Participant_326,Blockchain,Day 2,NMIM,Haryana,22,0.4,3.2,Loved the energy!
327,Participant_327,Web Development,Day 2,Christ University,Haryana,23,4.1,5.0,Awesome mentors!
328,Participant_328,IoT,Day 2,DU,Maharashtra,23,3.5,4.7,Workshops were insightful
329,Participant_329,IoT,Day 3,DU,Maharashtra,24,2.5,1.1,Very well organized!
330,Participant_330,Web Development,Day 3,Christ University,TamilNadu,21,3.9,3.7,Awesome mentors!
331,Participant_331,AI/ML,Day 2,DU,Karnataka,23,0.6,5.0,Highly recommended!
332,Participant_332,Blockchain,Day 3,NMIM,Delhi,30,1.0,2.7,Awesome mentors!
333,Participant_333,IoT,Day 1,CU,Maharashtra,23,0.2,3.5,Loved the sessions!
334,Participant_334,AI/ML,Day 2,Christ University,TamilNadu,29,2.1,3.7,Workshops were insightful
335,Participant_335,Cybersecurity,Day 2,DU,TamilNadu,27,3.7,1.9,Enjoyed networking!
336,Participant_336,IoT,Day 3,DU,Haryana,19,1.4,2.9,Great exposure
337,Participant_337,Blockchain,Day 2,CU,TamilNadu,20,4.9,3.7,Had a great time!
338,Participant_338,IoT,Day 1,NMIM,TamilNadu,20,3.8,4.8,Awesome mentors!
339,Participant_339,Blockchain,Day 2,VIT,Maharashtra,27,0.0,1.7,Support was excellent
340,Participant_340,AI/ML,Day 2,CU,TamilNadu,27,0.4,4.3,The pace was too fast
341,Participant_341,AI/ML,Day 3,CU,Haryana,28,4.4,5.0,Could be better
342,Participant_342,Cybersecurity,Day 3,DU,Maharashtra,30,4.0,3.8,Need more hands-on sessions
343,Participant_343,Blockchain,Day 2,NMIM,Maharashtra,21,1.9,1.9,Good learning opportunity
344,Participant_344,IoT,Day 1,Christ University,Haryana,27,2.5,4.1,Great exposure
345,Participant_345,IoT,Day 2,Christ University,Karnataka,21,1.5,1.1,Great exposure
346,Participant_346,IoT,Day 1,DU,Karnataka,20,0.9,2.3,Enjoyed networking!
347,Participant_347,Blockchain,Day 2,VIT,Maharashtra,27,1.1,3.2,The pace was too fast
348,Participant_348,Cybersecurity,Day 2,CU,Maharashtra,29,3.7,1.5,Good learning opportunity
349,Participant_349,Cybersecurity,Day 1,DU,Haryana,20,3.5,4.2,Loved the energy!
350,Participant_350,Web Development,Day 1,NMIM,Karnataka,20,0.7,4.0,Need more hands-on sessions
